h,x,r,alpha,RMSE relative u,RMSE u,RMSE relative Iu,RMSE Iu
0.08,3.0,52.0,0.6,0.11706608967536271,0.08571855449580863,0.5116836680736699,0.06848227606346134
0.08,3.0,52.0,0.7,0.10353940107684655,0.07612919740509418,0.5581346263004079,0.06604304238259713
0.08,3.0,52.0,0.8,0.10708061693898491,0.07878206703315521,0.7666296240490531,0.08151258429340415
0.08,3.0,52.0,0.9,0.14020861965938963,0.09700772271358576,0.9790300675825321,0.10195100850022777
0.08,3.0,62.0,0.6,0.2230257228579801,0.16389504042921754,0.8502015150033428,0.11075978144471192
0.08,3.0,62.0,0.7,0.2643203523975611,0.18909290964348863,0.6590851129283938,0.09050912064852377
0.08,3.0,62.0,0.8,0.2802694627042051,0.19669099978460491,0.6291534457054423,0.08191786806909959
0.08,3.0,62.0,0.9,0.2905779520431955,0.2011532411793952,0.7479354370507467,0.0865980499221355
0.08,3.0,72.0,0.6,0.31465773858063584,0.22974893328420876,1.2066220678865343,0.1542658028642297
0.08,3.0,72.0,0.7,0.3906591298921934,0.280085331331468,0.9647794748141959,0.13128903823329263
0.08,3.0,72.0,0.8,0.4445303212487924,0.314884796237003,0.7939178500480382,0.11299874441086799
0.08,3.0,72.0,0.9,0.47468639508194826,0.3329022449426103,0.7341702872797573,0.10206654016960087
0.08,3.0,82.0,0.6,0.3128159597809216,0.22775448637592596,1.2301316874549284,0.15844401880804596
0.08,3.0,82.0,0.7,0.38085276727661177,0.2722556087369028,0.9899959540635659,0.13516639389923152
0.08,3.0,82.0,0.8,0.4267781829029721,0.3012974185348315,0.8038604228356505,0.1155376429489471
0.08,3.0,82.0,0.9,0.4511973417025166,0.31528427424375016,0.6948452118471018,0.10087993708368706
0.08,3.0,92.0,0.6,0.28855466040943034,0.2118368920256593,1.3100958119698938,0.16533068042103868
0.08,3.0,92.0,0.7,0.3615656569338612,0.25993676329004667,1.0676099752709487,0.14213057340861932
0.08,3.0,92.0,0.8,0.4140042548259412,0.29368509102090457,0.8689647131233675,0.12200106938224041
0.08,3.0,92.0,0.9,0.4426362203015129,0.31061272717859184,0.730684824821858,0.10591059793618633
0.08,3.3,52.0,0.6,0.09327977704646541,0.06867274208373317,0.4493980205423881,0.05934353159957548
0.08,3.3,52.0,0.7,0.08524029949721987,0.06341684136509745,0.5248957668454941,0.06005033947073932
0.08,3.3,52.0,0.8,0.09209891731876488,0.06814608102201039,0.7488976896880206,0.07837858237264979
0.08,3.3,52.0,0.9,0.12905606793991545,0.08992381548989646,0.9681227315787245,0.10052538269411292
0.08,3.3,62.0,0.6,0.19129110672754338,0.14221240426785758,0.7857228136726482,0.10024510912897017
0.08,3.3,62.0,0.7,0.2361896681383087,0.17029332253981516,0.5981869561932976,0.08054607662535679
0.08,3.3,62.0,0.8,0.25813373420060065,0.18227339729115424,0.5793842707355359,0.07329856501171299
0.08,3.3,62.0,0.9,0.2745441678578018,0.1910979118747922,0.7115237855928653,0.08002761380893873
0.08,3.3,72.0,0.6,0.28209506002154666,0.20773993667094864,1.1482289596038675,0.14388117503960582
0.08,3.3,72.0,0.7,0.3615100903682524,0.2606462058573652,0.909451577881675,0.12134001970054827
0.08,3.3,72.0,0.8,0.41977363557285685,0.29864037256971704,0.7415092023509221,0.10365203807216591
0.08,3.3,72.0,0.9,0.4544485215694499,0.3199037287534403,0.6837292684231152,0.09331364821783684
0.08,3.3,82.0,0.6,0.28183236179305077,0.20691070232222053,1.1809223628282293,0.1494559484672183
0.08,3.3,82.0,0.7,0.3536500601207374,0.25422508472637884,0.9447726618759357,0.12679248782894167
0.08,3.3,82.0,0.8,0.402939950952112,0.2856628866539321,0.7603862351414665,0.10760917249716313
0.08,3.3,82.0,0.9,0.43037679624723113,0.30175864819293485,0.6539210615927442,0.09349969370644683
0.08,3.3,92.0,0.6,0.2578510243305428,0.19110912944490516,1.2580469720725567,0.1557632227431415
0.08,3.3,92.0,0.7,0.3335259409525341,0.24123114440709575,1.021343562243124,0.13334022006098448
0.08,3.3,92.0,0.8,0.3893724421609736,0.2774355869191347,0.8263132654280521,0.11393500903076283
0.08,3.3,92.0,0.9,0.42130009084687353,0.2966992503045537,0.6878381786721003,0.09812636806681117
0.08,3.6,52.0,0.6,0.07949641135614087,0.057308405215731065,0.402890519653146,0.05282987110592571
0.08,3.6,52.0,0.7,0.0737857085158032,0.05446765011259485,0.496247831522822,0.056033407973001916
0.08,3.6,52.0,0.8,0.08001451724622446,0.059267002752223116,0.7297673354171238,0.07638922704405486
0.08,3.6,52.0,0.9,0.1172269067684446,0.08237677957790308,0.9477687432891231,0.09882811820284797
0.08,3.6,62.0,0.6,0.1612655263735394,0.12149146426585244,0.7307714727731486,0.09145224221888514
0.08,3.6,62.0,0.7,0.20880135842937733,0.15196559155956046,0.5445097516428955,0.07206900062588285
0.08,3.6,62.0,0.8,0.236760442486617,0.16839912813714128,0.5302684708374076,0.06562219086408094
0.08,3.6,62.0,0.9,0.25845289343174016,0.18102198917241902,0.6701043406703352,0.07393500627298062
0.08,3.6,72.0,0.6,0.24859985594749498,0.18501610587812742,1.0988459854198567,0.13503597626463484
0.08,3.6,72.0,0.7,0.3309914470763956,0.24024157136271046,0.8633943507866321,0.1127669208152506
0.08,3.6,72.0,0.8,0.3941330256419606,0.2818186394137642,0.6936560102988809,0.09516638214512779
0.08,3.6,72.0,0.9,0.4336506128812003,0.3065738605888116,0.6382960195399161,0.08576814110679627
0.08,3.6,82.0,0.6,0.24984824030645145,0.18537027441476214,1.1353708962601066,0.14098542986254714
0.08,3.6,82.0,0.7,0.3252987356560887,0.23544875879886581,0.9030212013353298,0.11878528682316422
0.08,3.6,82.0,0.8,0.3780792798469951,0.2693817546320561,0.7214490873869781,0.10016493084354067
0.08,3.6,82.0,0.9,0.40898086261780126,0.2879112697301272,0.6188244754929577,0.08716237781940822
0.08,3.6,92.0,0.6,0.22656933322701472,0.16988155799546573,1.2131743193728357,0.14736592989911698
0.08,3.6,92.0,0.7,0.304342523549833,0.2217142799808221,0.9825178759504768,0.1256145369091126
0.08,3.6,92.0,0.8,0.36355611229862855,0.26037233832191886,0.7887096334056597,0.10650324052269525
0.08,3.6,92.0,0.9,0.3993574432006937,0.282410824779534,0.6560919426321987,0.09189796271058323
0.08,4.0,52.0,0.6,0.07962996028604857,0.052266143404373265,0.3544279517125126,0.0483319996240113
0.08,4.0,52.0,0.7,0.06762218848085519,0.04687313607090055,0.47343668113521675,0.05465280746242732
0.08,4.0,52.0,0.8,0.06535062571079639,0.04738914674315394,0.7146765149246023,0.0762625497968939
0.08,4.0,52.0,0.9,0.09359525831244589,0.06675712868227142,0.9329166911225356,0.09892663778599614
0.08,4.0,62.0,0.6,0.1194943044951321,0.09156939827113712,0.662878019653681,0.08140597833054093
0.08,4.0,62.0,0.7,0.16451575840494062,0.12154599992060491,0.4793874497703745,0.06258778970635442
0.08,4.0,62.0,0.8,0.20008690973796905,0.14396638091867348,0.4713082438516164,0.05718013409801369
0.08,4.0,62.0,0.9,0.22999245826310247,0.16273343459806444,0.622297142787461,0.0673695866870334
0.08,4.0,72.0,0.6,0.19806566841542747,0.14987943720777958,1.0378740960502544,0.12482957810603462
0.08,4.0,72.0,0.7,0.28579645814339744,0.20963571182018406,0.8077808326282142,0.10303925439781615
0.08,4.0,72.0,0.8,0.3529568748865104,0.25431026658597045,0.6363175857214144,0.08544165477899497
0.08,4.0,72.0,0.9,0.39738927088872283,0.2826699134801371,0.5767992882324882,0.07602856881190913
0.08,4.0,82.0,0.6,0.2001659162008475,0.1510536472323649,1.0752966632514533,0.1306288846131354
0.08,4.0,82.0,0.7,0.2795290115485572,0.20444957110583326,0.8480722025394867,0.10888172895647424
0.08,4.0,82.0,0.8,0.3373923585571658,0.2422585438685137,0.6666849188343814,0.09039366202079668
0.08,4.0,82.0,0.9,0.3725741862578391,0.26391749627918315,0.5621359819180912,0.07751351146722305
0.08,4.0,92.0,0.6,0.17858080045286198,0.13639820703881486,1.1568979777620683,0.1376127918960974
0.08,4.0,92.0,0.7,0.25906473087383464,0.1908985710107053,0.9343070435938267,0.1167256827594288
0.08,4.0,92.0,0.8,0.3211052257683347,0.23180825797001295,0.7425103919098197,0.09799076280165797
0.08,4.0,92.0,0.9,0.36115291293321927,0.25700008041785716,0.6081592356710117,0.08353901321321651
0.08,5.0,52.0,0.6,0.14634865085928378,0.09302379958742238,0.33813979533249766,0.05479526153662548
0.08,5.0,52.0,0.7,0.11295731030596655,0.07226619944045026,0.481819522780654,0.06397842225521498
0.08,5.0,52.0,0.8,0.07802892018687853,0.05026766783664216,0.704654414521409,0.08306134779060477
0.08,5.0,52.0,0.9,0.07625001687720846,0.05540441473007702,0.914958472759462,0.10394180675712208
0.08,5.0,62.0,0.6,0.09911084280900513,0.0683378305018524,0.5543763117199143,0.06787813793346237
0.08,5.0,62.0,0.7,0.10452600320831654,0.0783509727096855,0.3841050539197793,0.051669463795571385
0.08,5.0,62.0,0.8,0.14076491986663764,0.10410768049284287,0.3791461739318271,0.048189259715267545
0.08,5.0,62.0,0.9,0.18175715528483896,0.1317397595940297,0.5405364629259275,0.06024035635244961
0.08,5.0,72.0,0.6,0.12467680929880265,0.09670125810268883,0.9155474382266965,0.10605365721993429
0.08,5.0,72.0,0.7,0.20063256104937205,0.15102655126840303,0.7013671273506025,0.08572763198516947
0.08,5.0,72.0,0.8,0.277603881011779,0.20367958673024902,0.527982829150003,0.06834531464119672
0.08,5.0,72.0,0.9,0.33361373776971426,0.24071086781300507,0.4580493579879802,0.0586579283699866
0.08,5.0,82.0,0.6,0.12899391951409397,0.1001767563468551,0.9615288160339208,0.11171665927477517
0.08,5.0,82.0,0.7,0.19876212777553437,0.1493212820150713,0.746762131259356,0.0911121167215174
0.08,5.0,82.0,0.8,0.26084089209614636,0.19068644323029324,0.5669007354723741,0.07308281054439078
0.08,5.0,82.0,0.9,0.3042582405718622,0.21843878474788708,0.4577384202840441,0.06036814386952865
0.08,5.0,92.0,0.6,0.11332702598571513,0.08782166898486121,1.0425672259761696,0.11968515620067935
0.08,5.0,92.0,0.7,0.17481577568548362,0.1325447622067303,0.8401654315390461,0.10071244341175976
0.08,5.0,92.0,0.8,0.24046427148169738,0.1770042644264923,0.6540598210627524,0.08273316531838597
0.08,5.0,92.0,0.9,0.2895446143727441,0.20909424177170072,0.5156500344766494,0.06829782248214814
0.08,6.0,52.0,0.6,0.21416761700071507,0.1390936333303222,0.402605420202752,0.06947387217764772
0.08,6.0,52.0,0.7,0.16377766721456177,0.10542390229753212,0.5279128591852411,0.07806185826459888
0.08,6.0,52.0,0.8,0.10913572172949396,0.06888909961786593,0.718226617568898,0.0935242490464707
0.08,6.0,52.0,0.9,0.07676846801093427,0.05468330285416338,0.9094638323519719,0.11151071925827725
0.08,6.0,62.0,0.6,0.14420120864851999,0.09229508961188831,0.5018335539968056,0.06529291775272837
0.08,6.0,62.0,0.7,0.09483650564698745,0.06438570863393946,0.36056628605590285,0.05395729573933274
0.08,6.0,62.0,0.8,0.1008388628516094,0.0753309430475455,0.359641372459245,0.05261973733748425
0.08,6.0,62.0,0.9,0.14283209066800703,0.10646600929950008,0.5022238139642742,0.06300797170357947
0.08,6.0,72.0,0.6,0.1031050646951657,0.07367578498549722,0.8092482610516318,0.09242319183463817
0.08,6.0,72.0,0.7,0.1360542247881803,0.10498356289411939,0.6228643999501521,0.07493124015890093
0.08,6.0,72.0,0.8,0.2089833707392547,0.15668080026485726,0.4563799153695722,0.05896886489865801
0.08,6.0,72.0,0.9,0.27349745059802216,0.20056455812960083,0.37231048191351257,0.049245373271635265
0.08,6.0,82.0,0.6,0.10484594757849897,0.07506509711905257,0.885793062121566,0.10060671352056516
0.08,6.0,82.0,0.7,0.1335944204292959,0.10267065283081303,0.6925402723292474,0.08240708522520072
0.08,6.0,82.0,0.8,0.19273609277119427,0.14401046838556114,0.5187707975600705,0.06550008982708627
0.08,6.0,82.0,0.9,0.24271726159157953,0.1771807567171597,0.4019282937604016,0.05297125045290696
0.08,6.0,92.0,0.6,0.10787926483088817,0.07462142873249465,0.9437588997531702,0.10642431814283002
0.08,6.0,92.0,0.7,0.11597474785256735,0.08917796523729889,0.7623831940104656,0.08952720208843623
0.08,6.0,92.0,0.8,0.17108645443301343,0.12883122259776655,0.5894183064288238,0.07298710270806189
0.08,6.0,92.0,0.9,0.22493618641958185,0.16528109462212653,0.44806662680805853,0.058856909600241536
0.1,3.0,52.0,0.6,0.20985909643136968,0.1536152981598622,0.9550616240518449,0.1266828939299978
0.1,3.0,52.0,0.7,0.22370654771689688,0.15895091769299238,0.7701689627695477,0.10672669271262032
0.1,3.0,52.0,0.8,0.2334410056283982,0.16268891810197167,0.7513406384988917,0.09895215969656734
0.1,3.0,52.0,0.9,0.2605915746280124,0.1795955566174886,0.8522765933254706,0.10215051906085504
0.1,3.0,62.0,0.6,0.28101692795240857,0.20632570754127016,1.2529224916763357,0.16203993086211949
0.1,3.0,62.0,0.7,0.33917567654106995,0.24327318660780156,1.0046217973066955,0.13812212418331807
0.1,3.0,62.0,0.8,0.3693914416446507,0.2605702445584326,0.8499789952169083,0.12088037337348216
0.1,3.0,62.0,0.9,0.38314705163298557,0.266816248623911,0.8156072261232664,0.1122578896713974
0.1,3.0,72.0,0.6,0.3336017114981255,0.24468408601016903,1.5556215183962125,0.19836127133350212
0.1,3.0,72.0,0.7,0.41432955967923385,0.29799123354763424,1.2955097787959897,0.1741606749808849
0.1,3.0,72.0,0.8,0.4726706155472852,0.3356751345013729,1.0823562501174062,0.153281444853345
0.1,3.0,72.0,0.9,0.5060038867352575,0.3556840715778458,0.9432800393844343,0.13753673076813405
0.1,3.0,82.0,0.6,0.31451898194568295,0.23031227383518446,1.6104522903124099,0.20529637779465565
0.1,3.0,82.0,0.7,0.38973714322299446,0.27983829514605235,1.3558791334202167,0.18132653593584785
0.1,3.0,82.0,0.8,0.4431674276969509,0.31414859928550704,1.138042421158488,0.1599691018928476
0.1,3.0,82.0,0.9,0.4744033055255629,0.3328774638941112,0.9714766140130512,0.1422749860919794
0.1,3.0,92.0,0.6,0.28634272522134463,0.211353575120373,1.6582686282881591,0.2093205511699672
0.1,3.0,92.0,0.7,0.36350021400106064,0.262334902388433,1.4080045978607485,0.18572756227793194
0.1,3.0,92.0,0.8,0.4188028592374571,0.29797409996659485,1.1877631553334158,0.16429277907533962
0.1,3.0,92.0,0.9,0.4524169555818728,0.31839578765653437,1.0095442921593194,0.14596218179404855
0.1,3.3,52.0,0.6,0.17197016828284722,0.12770838881574445,0.8656870956785669,0.1123641678604363
0.1,3.3,52.0,0.7,0.19069921864044279,0.13686687594893887,0.6881607785570364,0.09319110702191523
0.1,3.3,52.0,0.8,0.20736287149562002,0.14562476532560684,0.6857225932679878,0.08720192440718103
0.1,3.3,52.0,0.9,0.24117683801596057,0.16741812443975948,0.8047606996032817,0.09296050692175833
0.1,3.3,62.0,0.6,0.24145965443782041,0.17934942597175657,1.1725056779119882,0.14859010788674165
0.1,3.3,62.0,0.7,0.3039645255250435,0.2196865498898438,0.9286766653639361,0.12523257033733262
0.1,3.3,62.0,0.8,0.3402131080829868,0.24141219829832342,0.7773453818349247,0.10854906542090316
0.1,3.3,62.0,0.9,0.35955386591267546,0.25166054134289245,0.7520154922081066,0.10104271969957362
0.1,3.3,72.0,0.6,0.2946878475863353,0.2183061571441905,1.4826591835697487,0.18560503647429763
0.1,3.3,72.0,0.7,0.3783322965467976,0.2738215662876107,1.2291707684150932,0.16219063121299102
0.1,3.3,72.0,0.8,0.44095335245909406,0.31461031938834794,1.0188865816007193,0.14185778781033082
0.1,3.3,72.0,0.9,0.47905641987101094,0.33805223834761283,0.8822439964272087,0.12669950385022344
0.1,3.3,82.0,0.6,0.2756959478884182,0.20398950504681487,1.544000563696817,0.193733509279642
0.1,3.3,82.0,0.7,0.35413156044997496,0.25595577583732704,1.295985045280134,0.17055689065838592
0.1,3.3,82.0,0.8,0.41166398201552473,0.2932343603364567,1.0816938399248135,0.14977556999765226
0.1,3.3,82.0,0.9,0.4465406552696888,0.31454344892675434,0.9176651968827627,0.13262374044329955
0.1,3.3,92.0,0.6,0.2479427518505229,0.1852096787526019,1.592431761194797,0.1977154839923042
0.1,3.3,92.0,0.7,0.32726158835642455,0.237913363624933,1.350030432314579,0.17504791392805116
0.1,3.3,92.0,0.8,0.38647142875518653,0.2764142369382852,1.1338253468036132,0.154246241008663
0.1,3.3,92.0,0.9,0.4239855686953897,0.29963768145783526,0.957781379043885,0.1364362186434445
0.1,3.6,52.0,0.6,0.1362212253493767,0.10275782052933186,0.7683551711005474,0.0981087561365784
0.1,3.6,52.0,0.7,0.15785732856408874,0.1147298407818658,0.6073469559835436,0.0805248714996723
0.1,3.6,52.0,0.8,0.17959605865585732,0.12733410003067133,0.6284495187473419,0.07697321937701224
0.1,3.6,52.0,0.9,0.21834544020112284,0.1528328851832357,0.7631021216046668,0.08523323868560247
0.1,3.6,62.0,0.6,0.2012530861972072,0.15165064386516913,1.0750996982109637,0.13384435570412703
0.1,3.6,62.0,0.7,0.2668901016928986,0.19471826562738354,0.838535260680612,0.11125395117687045
0.1,3.6,62.0,0.8,0.3090494601618218,0.22085240878990436,0.6916533820795213,0.09502316844632117
0.1,3.6,62.0,0.9,0.33368592644576966,0.2349172412612278,0.6758193856946124,0.0884253888810471
0.1,3.6,72.0,0.6,0.25329974352625695,0.19004544764865028,1.4032898554344488,0.1723940856673901
0.1,3.6,72.0,0.7,0.3389348608838339,0.24722329530929688,1.1598984674872133,0.15021253646208335
0.1,3.6,72.0,0.8,0.4059546418789031,0.2912599597773334,0.9544255237237604,0.13054123858581304
0.1,3.6,72.0,0.9,0.44896377244249663,0.31825966356909263,0.8159536538928575,0.1155578076779886
0.1,3.6,82.0,0.6,0.2348130722407112,0.17611611029160926,1.4624440032942978,0.18094134478927557
0.1,3.6,82.0,0.7,0.3154131699250672,0.22989256942662664,1.2232465845892408,0.15878375415314344
0.1,3.6,82.0,0.8,0.37696142733871535,0.27011979768495825,1.0159565647895452,0.13869614822101212
0.1,3.6,82.0,0.9,0.4159568872650796,0.29438182643603666,0.8527532106071781,0.12176963432648505
0.1,3.6,92.0,0.6,0.2084392153509208,0.15807813075596153,1.5191387469323743,0.1852561912557336
0.1,3.6,92.0,0.7,0.28853112736760805,0.21169278189732652,1.2869971484969822,0.16391501361744631
0.1,3.6,92.0,0.8,0.35120563402568894,0.2527861158243986,1.0781410828700406,0.14401067962385805
0.1,3.6,92.0,0.9,0.3927724153821939,0.27894970497394045,0.9037348508976107,0.12662490543084098
0.1,4.0,52.0,0.6,0.09384936260954682,0.07038394654579169,0.6767077291976473,0.08475709523367302
0.1,4.0,52.0,0.7,0.11210564726969964,0.08247537632777777,0.5237654146944948,0.06803408591870982
0.1,4.0,52.0,0.8,0.13729745079877886,0.09851727350898574,0.563230643380416,0.06656798962628585
0.1,4.0,52.0,0.9,0.17619436668052113,0.12460302774492336,0.7132188668904123,0.07737343879617273
0.1,4.0,62.0,0.6,0.14770280461519436,0.1132146839839549,0.9889976717736174,0.12041939884248429
0.1,4.0,62.0,0.7,0.21129094207870666,0.15599452273579356,0.7584258310595433,0.09839356054392495
0.1,4.0,62.0,0.8,0.2581719102497106,0.18609792662268146,0.6117661987573737,0.08237134374763387
0.1,4.0,62.0,0.9,0.2880559345792163,0.2042394228774339,0.6012737265666523,0.0765282608368657
0.1,4.0,72.0,0.6,0.19770190002429136,0.15056317229887467,1.326752472500821,0.15936458780287843
0.1,4.0,72.0,0.7,0.28522471751380724,0.2099848002679166,1.0922447439950331,0.13799866056820204
0.1,4.0,72.0,0.8,0.3535390835929497,0.2552901572545149,0.8895119094923791,0.11870798265703046
0.1,4.0,72.0,0.9,0.39934191565495747,0.2844851079731864,0.7486204262883565,0.10385954509166315
0.1,4.0,82.0,0.6,0.18133310786824766,0.13831544762594977,1.3809596658247458,0.16739382707483166
0.1,4.0,82.0,0.7,0.26146068048545784,0.19252943003307138,1.1513866110910616,0.14607435275401356
0.1,4.0,82.0,0.8,0.3250950213792847,0.23461281808581677,0.9483141431185439,0.12646221375676653
0.1,4.0,82.0,0.9,0.3676890180292077,0.2616730219434164,0.7856147681304421,0.10983515343399143
0.1,4.0,92.0,0.6,0.15893743146898684,0.12274014885794088,1.4504826879295898,0.17342004537161262
0.1,4.0,92.0,0.7,0.23732518688990167,0.17615759586161803,1.2288741769770668,0.1530996933974459
0.1,4.0,92.0,0.8,0.30112953643347923,0.2184367647527136,1.025063906487706,0.13378825891947202
0.1,4.0,92.0,0.9,0.34519954858668006,0.24659905314620026,0.8515572979384777,0.11672865221883844
0.1,5.0,52.0,0.6,0.11758074052776972,0.07563159571796843,0.5275688948052141,0.06406135699176128
0.1,5.0,52.0,0.7,0.08547327908111775,0.058417692619393634,0.3708321541602772,0.04836861571728825
0.1,5.0,52.0,0.8,0.09523440069454547,0.06959748972838521,0.413585069463647,0.04880246975426663
0.1,5.0,52.0,0.9,0.14139925814423154,0.10362748113471465,0.5905282049844225,0.06361160286071993
0.1,5.0,62.0,0.6,0.1058376508007475,0.07681364537868031,0.8531247618330977,0.09940465263243475
0.1,5.0,62.0,0.7,0.13561124519255455,0.10314165119223306,0.6384366383868717,0.07870130170022362
0.1,5.0,62.0,0.8,0.187731859037678,0.13908113775731545,0.4820261493037021,0.06243663617780395
0.1,5.0,62.0,0.9,0.23164022452287744,0.1679339754632257,0.462918071214416,0.05681603378079829
0.1,5.0,72.0,0.6,0.12211882047698465,0.09430565514778987,1.1788894944641293,0.13656328698406062
0.1,5.0,72.0,0.7,0.19081644147895127,0.14491244736997907,0.9677536361128193,0.11673410944100894
0.1,5.0,72.0,0.8,0.2665279983541766,0.19671395162957442,0.7690835777711194,0.09764470184953643
0.1,5.0,72.0,0.9,0.3237776900607412,0.23454655859945245,0.6212444757509483,0.08242876027433019
0.1,5.0,82.0,0.6,0.114352913124359,0.08719741261766083,1.2490820972107346,0.1456184345646992
0.1,5.0,82.0,0.7,0.16956239166406628,0.12908806150186314,1.0433251528348422,0.12610503321895447
0.1,5.0,82.0,0.8,0.23637934729266633,0.1746954292211433,0.8461610385450281,0.10706641657564017
0.1,5.0,82.0,0.9,0.28839006507274156,0.20892386082116832,0.6812180899724839,0.09055609594058996
0.1,5.0,92.0,0.6,0.10809971351436448,0.08021236946867359,1.319608180829999,0.1530648339777973
0.1,5.0,92.0,0.7,0.1463875515554021,0.1123079230933428,1.1238695037592887,0.13464129947118297
0.1,5.0,92.0,0.8,0.20925798757787478,0.15574596494574175,0.9298542893235546,0.11609907008363247
0.1,5.0,92.0,0.9,0.262579293465637,0.19121991185874274,0.7568300118557701,0.0991972391961651
0.1,6.0,52.0,0.6,0.17987540018956202,0.11521462401007132,0.4568925197894864,0.059889453839720726
0.1,6.0,52.0,0.7,0.11761072330337574,0.07459875269810634,0.3403873291539943,0.05086946915809613
0.1,6.0,52.0,0.8,0.08585776556774875,0.059364254807271685,0.39787089765222555,0.054358131586740875
0.1,6.0,52.0,0.9,0.11480712919915906,0.08649209171422476,0.5646071716366565,0.06794262784074614
0.1,6.0,62.0,0.6,0.1333040649709698,0.08637727720536158,0.7387376315339569,0.0848882280101199
0.1,6.0,62.0,0.7,0.1004488862306648,0.07296867164048557,0.5509987885675285,0.06786700988672427
0.1,6.0,62.0,0.8,0.1315300103662751,0.09955508563424778,0.40741114828514724,0.05445226465630714
0.1,6.0,62.0,0.9,0.18018145402464522,0.1336361732832973,0.388092026853921,0.05054485013843537
0.1,6.0,72.0,0.6,0.11354646179057966,0.07812740782976842,1.049787531778029,0.11784971528835912
0.1,6.0,72.0,0.7,0.12651359296984263,0.0976163611739824,0.8656404762047447,0.10077350861538648
0.1,6.0,72.0,0.8,0.19272102273420355,0.1454947204620353,0.6817594706563955,0.08340798886116618
0.1,6.0,72.0,0.9,0.2558477501822778,0.18854330262803137,0.532483363744429,0.06875608878663957
0.1,6.0,82.0,0.6,0.12219873243790284,0.08142717922868796,1.1118679840951189,0.1253854960678806
0.1,6.0,82.0,0.7,0.1130035556826647,0.08611559007529909,0.9286510811737585,0.10821828333867577
0.1,6.0,82.0,0.8,0.16485305910428646,0.1250415613915924,0.7457625135993059,0.09077889403207554
0.1,6.0,82.0,0.9,0.21954515818776144,0.16233189240139637,0.5865351528310451,0.07522274930586281
0.1,6.0,92.0,0.6,0.1333344152980759,0.08718322120042363,1.190618421725346,0.13361322651286534
0.1,6.0,92.0,0.7,0.10334845290498973,0.07642254908994459,1.01737638345001,0.1176086927082995
0.1,6.0,92.0,0.8,0.14087923046394615,0.10722295580254741,0.8391135159322266,0.10080465100315343
0.1,6.0,92.0,0.9,0.19378311396252768,0.14406110985870343,0.6746232328871117,0.08503239522954384
0.12,3.0,52.0,0.6,0.3302658269541041,0.2414868354970389,1.4869009349862379,0.19620011640198426
0.12,3.0,52.0,0.7,0.3894174684494269,0.27871140714704273,1.2223728659324409,0.17132642483442023
0.12,3.0,52.0,0.8,0.4175800942983531,0.29415592413376096,1.0543501269928952,0.15280944774373315
0.12,3.0,52.0,0.9,0.42769211979681987,0.2975035368689736,1.007513976832146,0.1423293282628137
0.12,3.0,62.0,0.6,0.35215733707683694,0.2577169533015012,1.664003481508578,0.21593460616650553
0.12,3.0,62.0,0.7,0.43041065745817825,0.30906635018923667,1.388732798033141,0.19043619563527428
0.12,3.0,62.0,0.8,0.47951323992185585,0.33974651294437613,1.172051401397985,0.16877890439062906
0.12,3.0,62.0,0.9,0.501480560415944,0.35129312475651814,1.0332469983171133,0.15210726714868342
0.12,3.0,72.0,0.6,0.3584014125218166,0.2630917634148086,1.9305231823440825,0.24779144579736595
0.12,3.0,72.0,0.7,0.4425975726733475,0.3185879145223338,1.6604472972344866,0.22330623459541224
0.12,3.0,72.0,0.8,0.5064070733836812,0.36006183718437346,1.4221228130894732,0.20075473578294892
0.12,3.0,72.0,0.9,0.5464735056194095,0.38485428584520814,1.2295274351671945,0.1808982825219856
0.12,3.0,82.0,0.6,0.3307978200536566,0.24273925432166252,2.005646207490271,0.25680272163069134
0.12,3.0,82.0,0.7,0.41388608353260065,0.2978602470195591,1.7378033876410164,0.23211845462081274
0.12,3.0,82.0,0.8,0.4767895836962459,0.33897378742635004,1.5001396631371435,0.20926692452765053
0.12,3.0,82.0,0.9,0.5187485472643998,0.36542025112096094,1.2932903727202616,0.1883294256078867
0.12,3.0,92.0,0.6,0.31029442496872045,0.22891179407889364,2.0414465306287033,0.25991650711416775
0.12,3.0,92.0,0.7,0.3924660936571518,0.28336307145670675,1.780935661180097,0.23598817432631225
0.12,3.0,92.0,0.8,0.45312741812745166,0.32275870330424156,1.5456544633602647,0.21347898671249216
0.12,3.0,92.0,0.9,0.4957926345600566,0.3497262340820201,1.3353130249225929,0.1923437995975693
0.12,3.3,52.0,0.6,0.28595536820422873,0.2111847597345441,1.3816937365973712,0.17883291727908604
0.12,3.3,52.0,0.7,0.3501647159684895,0.2523080903853505,1.1231480379208454,0.15467105810543816
0.12,3.3,52.0,0.8,0.3848702664553619,0.2725722303848048,0.9613219116008807,0.13705293872736793
0.12,3.3,52.0,0.9,0.40165862520895207,0.28073546500714375,0.9244989595811658,0.12778735606658126
0.12,3.3,62.0,0.6,0.3096423588556465,0.22860491474624187,1.5715568926613341,0.20041601204098833
0.12,3.3,62.0,0.7,0.3923147128135199,0.2833655188040935,1.303540951139725,0.1756500459295719
0.12,3.3,62.0,0.8,0.4467547869824915,0.31798716682773237,1.0902700261180929,0.15458153251272885
0.12,3.3,62.0,0.9,0.47326454712877275,0.3328037111919131,0.9558330405799672,0.13865652747930987
0.12,3.3,72.0,0.6,0.31707624176333987,0.23487792631530638,1.8429173994005994,0.23263380052391514
0.12,3.3,72.0,0.7,0.4036174523825433,0.29219787164251027,1.5824367321498507,0.20927701089714923
0.12,3.3,72.0,0.8,0.47118331151100107,0.3364242711419953,1.3493704887343996,0.1874722493957657
0.12,3.3,72.0,0.9,0.5157245325528471,0.3644680567333119,1.1583018228105046,0.1680178976113238
0.12,3.3,82.0,0.6,0.2887024026458252,0.21392066672717847,1.9202565614572766,0.24269346346649207
0.12,3.3,82.0,0.7,0.3744712408591016,0.27114361317397506,1.6633247175877957,0.2191177116965731
0.12,3.3,82.0,0.8,0.44209645779161777,0.31575123991043974,1.4318154686703584,0.19706771067855552
0.12,3.3,82.0,0.9,0.4879239969225049,0.3449879199320853,1.2259037437844131,0.1764598385622783
0.12,3.3,92.0,0.6,0.26907917969111883,0.20064702921980865,1.9584464602639906,0.24583633258534882
0.12,3.3,92.0,0.7,0.35327934872994854,0.2567470528189006,1.7082776802775335,0.2230812062216188
0.12,3.3,92.0,0.8,0.4182476599478763,0.29934848596615443,1.4808751985096882,0.20151755827831438
0.12,3.3,92.0,0.9,0.46522603906190224,0.3294623427428568,1.2718524791004544,0.18070495208005533
0.12,3.6,52.0,0.6,0.24294038308541638,0.18165856485695772,1.2897608432538668,0.16358957777192848
0.12,3.6,52.0,0.7,0.3116008597198228,0.2263527248723311,1.0361921823995424,0.13988170427945062
0.12,3.6,52.0,0.8,0.35292303690114385,0.25152193649619625,0.8773319157567022,0.12280451815154103
0.12,3.6,52.0,0.9,0.37635608044242574,0.26448944159526666,0.8479174511571298,0.11498539921013443
0.12,3.6,62.0,0.6,0.26793848446012714,0.19987798989672795,1.490769228874768,0.18688351249600918
0.12,3.6,62.0,0.7,0.3543476652329475,0.257654297587184,1.2313294312103111,0.1629569741336902
0.12,3.6,62.0,0.8,0.4141647275088963,0.29628715820409063,1.0215611592743663,0.14243243030183259
0.12,3.6,62.0,0.9,0.4457564383600933,0.3147909493228375,0.8921652144134707,0.1275543454607744
0.12,3.6,72.0,0.6,0.275540296674443,0.20634883633053772,1.7650265171692137,0.21911753091974862
0.12,3.6,72.0,0.7,0.3635649840825458,0.26496376397875293,1.5144319626395641,0.19665083388778082
0.12,3.6,72.0,0.8,0.43497848976068176,0.31206572976628105,1.2878472198272097,0.17559181085950315
0.12,3.6,72.0,0.9,0.4841893984436118,0.3435366898355583,1.1038058999163525,0.1574796716089503
0.12,3.6,82.0,0.6,0.24679815854751858,0.18509621128770323,1.8419086772511015,0.22952838927128102
0.12,3.6,82.0,0.7,0.333800664458847,0.24347619254069372,1.5953553360786088,0.20701905657914005
0.12,3.6,82.0,0.8,0.4061339322660357,0.2916215567032998,1.370683549056762,0.18576659697991982
0.12,3.6,82.0,0.9,0.45666064081272145,0.324300046382946,1.1754151995179916,0.16661665727756148
0.12,3.6,92.0,0.6,0.22877645661303297,0.17282784483385383,1.8861258618250734,0.23351943928327198
0.12,3.6,92.0,0.7,0.31378806250168356,0.22982401496521188,1.6476400142635537,0.21181438445914147
0.12,3.6,92.0,0.8,0.38263226937029465,0.2753592824538869,1.4261628690121242,0.1909640157807037
0.12,3.6,92.0,0.9,0.43395773503925433,0.3086694815970473,1.2286673584437944,0.17179552035477344
0.12,4.0,52.0,0.6,0.18190481554286966,0.13873760808968033,1.1813643029092136,0.1465625450453675
0.12,4.0,52.0,0.7,0.25519962872215246,0.1877480791376146,0.9347763183186095,0.12349803120556899
0.12,4.0,52.0,0.8,0.30477223377793305,0.2193170187458115,0.7769819659799084,0.10668846644007106
0.12,4.0,52.0,0.9,0.3355085997640701,0.23771854351991162,0.7514350814724343,0.09948391199800265
0.12,4.0,62.0,0.6,0.20843830744563602,0.15814468024732684,1.3907725739786638,0.1708587586973275
0.12,4.0,62.0,0.7,0.2980587157172873,0.21899517130505589,1.1424401951427183,0.14792190044367393
0.12,4.0,62.0,0.8,0.36321971514342366,0.2618470274891575,0.9355705937444664,0.12778925260488466
0.12,4.0,62.0,0.9,0.40114837113831153,0.28510933966582785,0.8048184324919562,0.11307275721285324
0.12,4.0,72.0,0.6,0.21343467284882395,0.1626334231147401,1.671414196174193,0.20298960815990783
0.12,4.0,72.0,0.7,0.3064266375180421,0.22576244295161332,1.4337775909912422,0.181786054009032
0.12,4.0,72.0,0.8,0.3811615142640012,0.27557735492289426,1.2139578631902679,0.16154953703214878
0.12,4.0,72.0,0.9,0.434701320707049,0.3102990274436846,1.0307371167407289,0.14391571809215697
0.12,4.0,82.0,0.6,0.1873263773290514,0.1433221659151591,1.7366614068945334,0.21252201565352868
0.12,4.0,82.0,0.7,0.27509032805381634,0.20311440197973446,1.504633199593479,0.1913057492828985
0.12,4.0,82.0,0.8,0.350945724249696,0.2541481627052068,1.288105649449523,0.17092393864623934
0.12,4.0,82.0,0.9,0.4082475609460176,0.2919467972088318,1.0962314504694786,0.15235688029274164
0.12,4.0,92.0,0.6,0.17305278215022527,0.13344252359003891,1.7979355765728038,0.21882093404631164
0.12,4.0,92.0,0.7,0.2576438879288093,0.19108185049786142,1.572947464479113,0.1983512257462171
0.12,4.0,92.0,0.8,0.32996667879625546,0.2395120489746038,1.3598636854679098,0.17837403632183416
0.12,4.0,92.0,0.9,0.3856151428224934,0.2761240713986313,1.1662540700059063,0.1597913105061043
0.12,5.0,52.0,0.6,0.10608775809163852,0.08039588318605663,0.9603449857586053,0.11355079257887615
0.12,5.0,52.0,0.7,0.15459785228177836,0.11795560236556278,0.7318103458689715,0.0918462808399752
0.12,5.0,52.0,0.8,0.2141360612741429,0.1583836068116606,0.5714817682067196,0.07505588384156206
0.12,5.0,52.0,0.9,0.2619713299106209,0.18974881421920844,0.552590328840194,0.06880874026109395
0.12,5.0,62.0,0.6,0.12262846763656982,0.09497827229425278,1.1787791185275613,0.13835259901821284
0.12,5.0,62.0,0.7,0.19310858551542112,0.14599838789613453,0.9556249828322235,0.11747704645581321
0.12,5.0,62.0,0.8,0.2652532600611242,0.19505971645074693,0.7572645880710112,0.09820643876971655
0.12,5.0,62.0,0.9,0.31572966649031303,0.22791757116249142,0.6224704745949796,0.08349494429454833
0.12,5.0,72.0,0.6,0.12468587255089361,0.09689931951340812,1.4823840251660927,0.17231380403784152
0.12,5.0,72.0,0.7,0.19650274429859202,0.1491921293216633,1.2694359284571426,0.1532398459937607
0.12,5.0,72.0,0.8,0.2746171439207878,0.20262931382047467,1.0638637049867683,0.13429605715886556
0.12,5.0,72.0,0.9,0.33706916623776645,0.2443083300112393,0.8821965015805517,0.11700922877325712
0.12,5.0,82.0,0.6,0.11138991433773164,0.08498218248998267,1.5150529995029651,0.17817276283233777
0.12,5.0,82.0,0.7,0.1686118067037377,0.12856831960537274,1.3104519774132788,0.15932814094669337
0.12,5.0,82.0,0.8,0.24697749214497816,0.182954528866862,1.1130867765464043,0.1407327925849966
0.12,5.0,82.0,0.9,0.31292900797119544,0.22760495902711542,0.9295838342704548,0.12304473952422788
0.12,5.0,92.0,0.6,0.10924991591106667,0.08281011617038773,1.6113294700449001,0.1887954317258602
0.12,5.0,92.0,0.7,0.15697733722941962,0.1200985215034366,1.412438840743129,0.1707006765798053
0.12,5.0,92.0,0.8,0.22783314352908257,0.16909289873021827,1.2188954171319766,0.15263071782570467
0.12,5.0,92.0,0.9,0.29188863810398047,0.21249505472817037,1.0343648645262282,0.13511205010449157
0.12,6.0,52.0,0.6,0.1300346721447066,0.08501409525599131,0.7930966251113628,0.090955563197601
0.12,6.0,52.0,0.7,0.10367502290001643,0.07750399998882636,0.5905910656995141,0.07188528579812509
0.12,6.0,52.0,0.8,0.14576835564446983,0.11110652021670923,0.43343870975325854,0.056215219516614616
0.12,6.0,52.0,0.9,0.2015699022685544,0.14986288743323983,0.4124057435264336,0.050973813300763976
0.12,6.0,62.0,0.6,0.11104155639489177,0.0760272105142858,1.0078686074168952,0.1143658974493209
0.12,6.0,62.0,0.7,0.12142443089125544,0.09330865587431361,0.8153470921497746,0.09625528246497801
0.12,6.0,62.0,0.8,0.18282958906199429,0.13776341088544966,0.6312311862788577,0.0785108352975315
0.12,6.0,62.0,0.9,0.24053497172927518,0.17692542887983734,0.4901993300404014,0.06384873662678092
0.12,6.0,72.0,0.6,0.11548069036625826,0.07853974527188554,1.3146359945184332,0.14860820422750062
0.12,6.0,72.0,0.7,0.12126507146371385,0.09361195432725772,1.132164611966951,0.13205645286159087
0.12,6.0,72.0,0.8,0.18564937162405282,0.14063312863861144,0.9462234128863353,0.11466697157921786
0.12,6.0,72.0,0.9,0.251919747519381,0.1861764664278953,0.7663602048663606,0.09739140936389734
0.12,6.0,82.0,0.6,0.12851420049695306,0.08433612705243466,1.3316282164292434,0.15175707829484222
0.12,6.0,82.0,0.7,0.10681557891933274,0.08109413690835589,1.1551928031694154,0.1353147845356931
0.12,6.0,82.0,0.8,0.16190258525078624,0.12393215235860038,0.9770739581645949,0.11832959066765479
0.12,6.0,82.0,0.9,0.22865793322084077,0.1704370999660185,0.7998055080850659,0.10112227035086237
0.12,6.0,92.0,0.6,0.13043544922664782,0.08510228296246407,1.435229520139663,0.16331569424757647
0.12,6.0,92.0,0.7,0.10192760563389934,0.07573312253699935,1.261498710550572,0.14749562485619144
0.12,6.0,92.0,0.8,0.14624354597979386,0.11155527669773306,1.0892843433437887,0.1312410270225505
0.12,6.0,92.0,0.9,0.20884391627974172,0.1555368664215302,0.9152262591690965,0.11455672515749153
0.14,3.0,52.0,0.6,0.3708254586568394,0.27243846107058817,1.8287192634951308,0.2387972922640868
0.14,3.0,52.0,0.7,0.45167005174828395,0.3251871850963729,1.534831763876291,0.21168130761169424
0.14,3.0,52.0,0.8,0.4949841546748274,0.3510807587854547,1.3125698087148019,0.18954414290112648
0.14,3.0,52.0,0.9,0.506260282842934,0.35440824092762446,1.190595548955156,0.17428617316508183
0.14,3.0,62.0,0.6,0.3852265687787247,0.28271003386415505,2.0259824047480737,0.26145017197533477
0.14,3.0,62.0,0.7,0.4737756986759318,0.34119284317835136,1.7391530550276157,0.2352873940261025
0.14,3.0,62.0,0.8,0.5335173508482125,0.3793143953721877,1.4931281379773413,0.2119360765230962
0.14,3.0,62.0,0.9,0.5648577281305652,0.3973409174893124,1.3077112881748303,0.19279675536141802
0.14,3.0,72.0,0.6,0.3691731396967681,0.27151906552981786,2.2931396897458987,0.2948404760927668
0.14,3.0,72.0,0.7,0.46139853508261147,0.3328582934295336,2.0100148832065714,0.2691345734630369
0.14,3.0,72.0,0.8,0.5299333285949835,0.37762366766832306,1.754244870817035,0.2452075388594387
0.14,3.0,72.0,0.9,0.5755697930073418,0.40633803712343813,1.538117383472008,0.22404888821666083
0.14,3.0,82.0,0.6,0.3467977021209742,0.2554089248419758,2.332516408279166,0.29868432938699396
0.14,3.0,82.0,0.7,0.43714156699208,0.31556402903876113,2.0575387024360543,0.27361763965508307
0.14,3.0,82.0,0.8,0.5070314475948133,0.3615356972902177,1.8080929953929543,0.2501813305161737
0.14,3.0,82.0,0.9,0.5577155884753171,0.39418911871066775,1.5899389361519052,0.2289679602466711
0.14,3.0,92.0,0.6,0.3420630439260365,0.2522698660916495,2.364149645163461,0.3023948439905113
0.14,3.0,92.0,0.7,0.4302470643336932,0.3107798396060159,2.0944494138353322,0.27755455762759673
0.14,3.0,92.0,0.8,0.4978990305161358,0.3550742331263892,1.8479278277714677,0.2542132639782306
0.14,3.0,92.0,0.9,0.547932064211397,0.3872714226612344,1.6304680826275841,0.23296350103048583
0.14,3.3,52.0,0.6,0.31888438000541425,0.23678394760755223,1.7117529958363857,0.219168039845147
0.14,3.3,52.0,0.7,0.4050092224868506,0.29363155024745397,1.4271547876400164,0.1931096158715624
0.14,3.3,52.0,0.8,0.4547949049214331,0.3243142777377738,1.2093604689337754,0.1717532043387694
0.14,3.3,52.0,0.9,0.4722014209890551,0.332072169911556,1.0937432146932364,0.15750003975210844
0.14,3.3,62.0,0.6,0.33646113261642685,0.24923427713119686,1.917553229062237,0.2434011810692836
0.14,3.3,62.0,0.7,0.42914470911549824,0.31092852621520334,1.6410600468446392,0.21828348517905774
0.14,3.3,62.0,0.8,0.49372975794903784,0.3526299975757174,1.4003495569510116,0.19565308979901802
0.14,3.3,62.0,0.9,0.529600310752482,0.37393483865399707,1.2185075177604454,0.17718783007303432
0.14,3.3,72.0,0.6,0.318418603952719,0.23668650017694734,2.1886084010109395,0.2769484957491871
0.14,3.3,72.0,0.7,0.4140025065618693,0.3006774788735361,1.9176251831691529,0.25253681446937054
0.14,3.3,72.0,0.8,0.4873631656872177,0.34901680429176857,1.6686193848392956,0.22952695725369968
0.14,3.3,72.0,0.9,0.537906661457252,0.3812973410771522,1.4564809317945173,0.2091286150787388
0.14,3.3,82.0,0.6,0.29813910260129284,0.22194718797427973,2.226691112266405,0.28120605265880694
0.14,3.3,82.0,0.7,0.39152915394503135,0.2845431185093054,1.9642399893989884,0.25742999737801503
0.14,3.3,82.0,0.8,0.4665686189277165,0.33435416014273633,1.7220487095989672,0.23488728070988987
0.14,3.3,82.0,0.9,0.5217543457510351,0.3702779250435209,1.5083443703303154,0.21437934047598028
0.14,3.3,92.0,0.6,0.2945869573782848,0.21976079568272988,2.253515306964101,0.2839771781737088
0.14,3.3,92.0,0.7,0.3853735811546107,0.2803298539673091,1.9975712066212066,0.2605890013944575
0.14,3.3,92.0,0.8,0.4577702217371936,0.32812934456836157,1.7599566277507928,0.2383301960459064
0.14,3.3,92.0,0.9,0.51288377736665,0.36402217773721757,1.5477753098111202,0.2179146614963483
0.14,3.6,52.0,0.6,0.26630392433951017,0.20051135428817374,1.6146536016376818,0.20241990535532858
0.14,3.6,52.0,0.7,0.3561660520698506,0.26047681297082814,1.3393575960942932,0.17759451936217047
0.14,3.6,52.0,0.8,0.41262615858910573,0.29615693233583174,1.1250636966739065,0.15693133765300754
0.14,3.6,52.0,0.9,0.4369750335597204,0.30897116765477484,1.0128974372545068,0.14338443140949522
0.14,3.6,62.0,0.6,0.28662545386782123,0.2149033604917391,1.8034093429089293,0.22520545544756068
0.14,3.6,62.0,0.7,0.3823506496970598,0.2791090815113269,1.5397767743191926,0.2014711346156691
0.14,3.6,62.0,0.8,0.4517397837695576,0.32439780714688987,1.3077802069678441,0.17976232796377356
0.14,3.6,62.0,0.9,0.4926177031005714,0.3493534822820296,1.1272126369016904,0.16170423293050154
0.14,3.6,72.0,0.6,0.26675106242157304,0.20109438482953607,2.095954006598794,0.2608504389633048
0.14,3.6,72.0,0.7,0.3638766177762504,0.26652205694783704,1.8386219267806572,0.23808554568248927
0.14,3.6,72.0,0.8,0.44208306611619497,0.3185046039218554,1.5989280892007915,0.21621059427553221
0.14,3.6,72.0,0.9,0.49796664176987,0.35470556559219457,1.3893022609919794,0.1964273775695001
0.14,3.6,82.0,0.6,0.2490448520131923,0.1880623923866908,2.1178496068383907,0.26382658253098834
0.14,3.6,82.0,0.7,0.3432826799052022,0.2516159744163032,1.8688100922908997,0.24154369608514734
0.14,3.6,82.0,0.8,0.42336991789155726,0.3052439371017607,1.6375825228335181,0.22009649238461987
0.14,3.6,82.0,0.9,0.483717345545459,0.3449620285997694,1.4282194436723743,0.20015443837387098
0.14,3.6,92.0,0.6,0.24691537930485313,0.1868612023870218,2.14506890311837,0.2661492447589277
0.14,3.6,92.0,0.7,0.33853559040476544,0.2483602356373955,1.903140234105412,0.24453779659561176
0.14,3.6,92.0,0.8,0.4152794967699162,0.2994440685444022,1.6774213809745708,0.2236497045869519
0.14,3.6,92.0,0.9,0.4751648422328885,0.33884054334220476,1.471685600829398,0.2041084285902213
0.14,4.0,52.0,0.6,0.20120023414981772,0.15442536606385468,1.488654414287875,0.18243655549651389
0.14,4.0,52.0,0.7,0.29453357990770823,0.2179853719391474,1.2271826905073975,0.15882361981603654
0.14,4.0,52.0,0.8,0.35782468297110803,0.25909365184618577,1.0150722809574273,0.13853922836808333
0.14,4.0,52.0,0.9,0.38818989733477777,0.27644425797158884,0.9018334795032439,0.12522271216438288
0.14,4.0,62.0,0.6,0.22162048113847527,0.16886728332722675,1.6825585541380574,0.2057474319287605
0.14,4.0,62.0,0.7,0.3201093837723267,0.23598197707410404,1.4341786420896723,0.18336526450242846
0.14,4.0,62.0,0.8,0.3937915264733966,0.28480901130777747,1.2094672793127559,0.16242071981558748
0.14,4.0,62.0,0.9,0.4397647996305274,0.3136783742272385,1.029723153501723,0.1447371777320764
0.14,4.0,72.0,0.6,0.19908930097697822,0.153154975618952,1.9839826717579485,0.24195681929085905
0.14,4.0,72.0,0.7,0.29692177300431316,0.22014899886141384,1.744390005592606,0.22084443038440774
0.14,4.0,72.0,0.8,0.3780438763890166,0.2746663562282282,1.5143590234957567,0.2000369525522759
0.14,4.0,72.0,0.9,0.4390084262010333,0.314785680007228,1.30811982257467,0.1809147198361973
0.14,4.0,82.0,0.6,0.18572007825357484,0.1430348228890494,1.9937873011966656,0.2440928408879094
0.14,4.0,82.0,0.7,0.2793179482224008,0.20719781734110668,1.7629997380786298,0.22343693950231908
0.14,4.0,82.0,0.8,0.3632905555182916,0.26413603258872104,1.5426498067247378,0.20311106081801436
0.14,4.0,82.0,0.9,0.42964277300043047,0.30849243977327473,1.3392970090658876,0.18395973305899338
0.14,4.0,92.0,0.6,0.1892137488309928,0.14582563498478948,2.0320777133518177,0.24800203413911548
0.14,4.0,92.0,0.7,0.2791726325522756,0.20702329874264508,1.807572322465902,0.22799714692042905
0.14,4.0,92.0,0.8,0.3589697194057543,0.26076447257670876,1.5934410968758679,0.20829520923869138
0.14,4.0,92.0,0.9,0.42354726732938713,0.3038253039102285,1.3946041736918184,0.1896081464195487
0.14,5.0,52.0,0.6,0.11729853471621038,0.0891704466860315,1.200784515444209,0.14118059729984045
0.14,5.0,52.0,0.7,0.1729268257883047,0.13295131253516826,0.9749098008809861,0.11989558949082489
0.14,5.0,52.0,0.8,0.2419166050182406,0.18004131928783715,0.7713203003048748,0.10013493743510843
0.14,5.0,52.0,0.9,0.2903965725666533,0.21127495726261708,0.6510992096055666,0.0865421025416061
0.14,5.0,62.0,0.6,0.1283327649461354,0.09984894651161422,1.4507766675543536,0.1707233839677165
0.14,5.0,62.0,0.7,0.20127894852895373,0.15329265905963602,1.235560113919343,0.1508033910119073
0.14,5.0,62.0,0.8,0.2793950332001452,0.206557201522537,1.0241487643348166,0.13092226342763014
0.14,5.0,62.0,0.9,0.3360826608989332,0.24369361348286342,0.8464303134008201,0.11360122163004607
0.14,5.0,72.0,0.6,0.11844139041130496,0.08983191112125438,1.727231164638433,0.20380083609552685
0.14,5.0,72.0,0.7,0.1758893170331778,0.135578936136979,1.5252608310899773,0.1854334702635823
0.14,5.0,72.0,0.8,0.2579255911305429,0.19256307071602155,1.315687511923063,0.16616505114212174
0.14,5.0,72.0,0.9,0.32763206787441057,0.23959902148119067,1.1187932400294114,0.14782313642688738
0.14,5.0,82.0,0.6,0.1128444323452844,0.08460781865251779,1.7512848087705897,0.20747128365225057
0.14,5.0,82.0,0.7,0.16310332277288114,0.12563662987054944,1.5553486447451514,0.18942412612350332
0.14,5.0,82.0,0.8,0.24746339263438882,0.18486369733828578,1.3554966219624058,0.17079978641438825
0.14,5.0,82.0,0.9,0.32194113722163825,0.23574923746376752,1.1639006755878116,0.1527934349423856
0.14,5.0,92.0,0.6,0.11399691155991912,0.08641928614059598,1.7985518775597304,0.2134943875739915
0.14,5.0,92.0,0.7,0.16549042850059167,0.12686112583628406,1.6087652606545282,0.19595557382664525
0.14,5.0,92.0,0.8,0.24411880320304993,0.1815938765274487,1.4156521801023332,0.1778847044321922
0.14,5.0,92.0,0.9,0.31606981653280264,0.2307053974751377,1.2288655277049227,0.16026649900189108
0.14,6.0,52.0,0.6,0.14077380511593615,0.09251287602533764,1.0365206627577008,0.11690872812357189
0.14,6.0,52.0,0.7,0.11436217679080987,0.08640206984849319,0.8425341878943345,0.09879801602328053
0.14,6.0,52.0,0.8,0.16144561228960982,0.12361940863897054,0.6521412116882759,0.08069810176921963
0.14,6.0,52.0,0.9,0.21551773941933766,0.16060613702608673,0.5217268853776585,0.06718993166243055
0.14,6.0,62.0,0.6,0.12152197772899198,0.08235133523344097,1.2383970982035564,0.13980931314063433
0.14,6.0,62.0,0.7,0.12539682962023196,0.09670486023119118,1.0561094062846204,0.12303489594213922
0.14,6.0,62.0,0.8,0.18941741233205725,0.14363124324667834,0.8664183669680982,0.10529943010078907
0.14,6.0,62.0,0.9,0.2511131817615092,0.18562080764735503,0.6959176701439459,0.08901590683926293
0.14,6.0,72.0,0.6,0.1447981350908866,0.09484475747131309,1.5246236035366862,0.17363730317229076
0.14,6.0,72.0,0.7,0.11509783213658058,0.08679526448017796,1.3555349582686242,0.15836135657599185
0.14,6.0,72.0,0.8,0.16671050677436883,0.1280717639608395,1.1719887181832427,0.14152525316186185
0.14,6.0,72.0,0.9,0.235705284938767,0.17634261613007454,0.9903043635242962,0.12472096537720494
0.14,6.0,82.0,0.6,0.1476315846902914,0.09603989211395289,1.524333084622442,0.17416220190787585
0.14,6.0,82.0,0.7,0.10987771473883474,0.08195624748490472,1.3600538535591271,0.15909509839295496
0.14,6.0,82.0,0.8,0.16126619542771162,0.12442161238484138,1.1849684483984573,0.142812416235388
0.14,6.0,82.0,0.9,0.23468640980804356,0.176255019724946,1.0112338620361843,0.1265414347900019
0.14,6.0,92.0,0.6,0.1337149472127131,0.08722896784059911,1.5951292459774182,0.18282371461094976
0.14,6.0,92.0,0.7,0.10542424052786971,0.07881067333514526,1.4358351135817204,0.16828193266345207
0.14,6.0,92.0,0.8,0.15738245647700883,0.12042561239067946,1.2673572681277812,0.15263318498396566
0.14,6.0,92.0,0.9,0.22776305671151764,0.17001457612511864,1.100160427366234,0.13695640194302347
0.16,3.0,52.0,0.6,0.3644971122524116,0.26805541742533184,2.1187264284931486,0.27701142131918427
0.16,3.0,52.0,0.7,0.4500494280836725,0.32439947445839745,1.8101849540239061,0.24895922783270538
0.16,3.0,52.0,0.8,0.5036431366773035,0.35799668833247833,1.556149152725949,0.2242624598439385
0.16,3.0,52.0,0.9,0.5243152071129245,0.36817476129965704,1.3771351902712108,0.20431325810042097
0.16,3.0,62.0,0.6,0.3945184787256762,0.28921284895962024,2.346901748463284,0.30452465543362484
0.16,3.0,62.0,0.7,0.4822742797627075,0.3470539475770456,2.0585290358280113,0.2784754515417945
0.16,3.0,62.0,0.8,0.5461972740535354,0.38833056703368624,1.7965878007544562,0.2537231923047792
0.16,3.0,62.0,0.9,0.5867536638027379,0.41328070455790156,1.5721397036731568,0.23122572256493637
0.16,3.0,72.0,0.6,0.3841305641940611,0.28149792879131735,2.6593326099471466,0.3448965183029288
0.16,3.0,72.0,0.7,0.4792515780493472,0.3451992643484952,2.3639852031320867,0.3182074680694333
0.16,3.0,72.0,0.8,0.5489206028640069,0.3909033478972279,2.093957737167195,0.29280813267254335
0.16,3.0,72.0,0.9,0.5983079564374397,0.4224895801582047,1.84867218602585,0.2686993017632785
0.16,3.0,82.0,0.6,0.37501322641429596,0.27529028429826363,2.649271175388698,0.34217559940290226
0.16,3.0,82.0,0.7,0.46734732735078993,0.33683711435708663,2.365717734771725,0.3165396394169569
0.16,3.0,82.0,0.8,0.5396631890527543,0.38455805408264526,2.108315117228007,0.29213519027155693
0.16,3.0,82.0,0.9,0.5950871720815524,0.4207318528229002,1.8682731506629988,0.26862663695766403
0.16,3.0,92.0,0.6,0.38609440586009103,0.28311586630555374,2.701790905968992,0.34893937102118866
0.16,3.0,92.0,0.7,0.47639789350155687,0.3430224574717943,2.4204211955269566,0.32323106449994676
0.16,3.0,92.0,0.8,0.5480431939219294,0.3902309539426806,2.163326565200388,0.2988886166864993
0.16,3.0,92.0,0.9,0.6023103307302461,0.4255516342442541,1.9279941799683884,0.27567259858809984
0.16,3.3,52.0,0.6,0.31151051173396327,0.23151835507459348,1.9861216707521494,0.2547556342870227
0.16,3.3,52.0,0.7,0.4018523883608357,0.29164915864957147,1.6893699800456408,0.22792573913886496
0.16,3.3,52.0,0.8,0.46140672940052346,0.3296954567835447,1.4425294575351175,0.2043618800031761
0.16,3.3,52.0,0.9,0.48755382060580565,0.343856296395283,1.2691138265160462,0.18549387432569955
0.16,3.3,62.0,0.6,0.34489906887447447,0.25503702325936445,2.217812371604411,0.28347758296191533
0.16,3.3,62.0,0.7,0.43630031683460657,0.31574818853280573,1.9405547487398023,0.2585335411421113
0.16,3.3,62.0,0.8,0.5042379926607532,0.36001274970866454,1.6869144644165226,0.23476008935881773
0.16,3.3,62.0,0.9,0.5491030715639957,0.3881084253818423,1.4663550411283925,0.21292966093110366
0.16,3.3,72.0,0.6,0.32960575754582816,0.24390311820651264,2.532958937192554,0.32348920474394494
0.16,3.3,72.0,0.7,0.4291833646044297,0.3111246705066965,2.2531039223436253,0.298442519431626
0.16,3.3,72.0,0.8,0.5044600882194811,0.36102367118703393,1.9920182275059874,0.2742092184788548
0.16,3.3,72.0,0.9,0.558799799224982,0.3962194956835766,1.7529532006299546,0.2511658586796483
0.16,3.3,82.0,0.6,0.32581863652316084,0.24132158234389917,2.5238553649760407,0.3219168371786774
0.16,3.3,82.0,0.7,0.4216661145168647,0.3056771015585026,2.2544876386937585,0.29766488073368175
0.16,3.3,82.0,0.8,0.4989920311485749,0.3571611532425406,2.0059571487013352,0.2743082010946795
0.16,3.3,82.0,0.9,0.5587670845974421,0.3965152400241598,1.7696496509642299,0.251346435438283
0.16,3.3,92.0,0.6,0.33861481204854305,0.2506261253208468,2.564598942296743,0.3263893740505144
0.16,3.3,92.0,0.7,0.43217838575363743,0.3130358982189836,2.2994836618842593,0.30249477193506824
0.16,3.3,92.0,0.8,0.50849427013855,0.3636730273178147,2.0538136445218336,0.27949894354876154
0.16,3.3,92.0,0.9,0.567947497414687,0.40276113832383803,1.824761842613839,0.2571887758893443
0.16,3.6,52.0,0.6,0.26071693987643885,0.19632943086847002,1.8697262766423697,0.23516793377519604
0.16,3.6,52.0,0.7,0.3537331927072685,0.25881925879411466,1.5864087064819221,0.2096229726941213
0.16,3.6,52.0,0.8,0.4192666934490157,0.30139097229068024,1.3437518092508791,0.1867524691863238
0.16,3.6,52.0,0.9,0.4520706789512243,0.32045042689555064,1.1777905421120214,0.16926423837968133
0.16,3.6,62.0,0.6,0.2961632644000255,0.2214517534077179,2.0999330617845815,0.26413166478016664
0.16,3.6,62.0,0.7,0.3900359650039159,0.2842202643510395,1.8347312504457363,0.24024448730196438
0.16,3.6,62.0,0.8,0.46187206785647716,0.33140787689808937,1.5908275718716194,0.2176197463839351
0.16,3.6,62.0,0.9,0.5112717774939581,0.362831702852247,1.38141524186962,0.1974589518930897
0.16,3.6,72.0,0.6,0.2764500026823686,0.20722121826835235,2.427549134047016,0.305545938279331
0.16,3.6,72.0,0.7,0.3782983236877619,0.27639804738338253,2.1604907559012574,0.28165324076247844
0.16,3.6,72.0,0.8,0.4592440624321373,0.3305759037116368,1.9084131344270587,0.2584917564716565
0.16,3.6,72.0,0.9,0.5191358723776262,0.36986178557490185,1.6806906121292402,0.2370663953051421
0.16,3.6,82.0,0.6,0.2783623956821048,0.20855608032851777,2.408116976217886,0.3030284991774593
0.16,3.6,82.0,0.7,0.37555260618402087,0.27414403966690964,2.152896703137102,0.2801500226276549
0.16,3.6,82.0,0.8,0.4577770842068655,0.329328556783895,1.9138470156610556,0.25793927918032644
0.16,3.6,82.0,0.9,0.5224903951686696,0.37232536653487786,1.693218878239534,0.23694853344610894
0.16,3.6,92.0,0.6,0.2926596432123466,0.21897514416573133,2.443113386594548,0.30643394824120557
0.16,3.6,92.0,0.7,0.38799669868486897,0.28288402674361274,2.193149949578769,0.28405872851841724
0.16,3.6,92.0,0.8,0.4688653881854896,0.33693053531270684,1.9596544374162046,0.26244926106330607
0.16,3.6,92.0,0.9,0.5330424230532119,0.3794807449355816,1.744773303994176,0.2420885721554317
0.16,4.0,52.0,0.6,0.19261080745181997,0.1482352969580994,1.7246693483257023,0.21229815682942885
0.16,4.0,52.0,0.7,0.286782876969236,0.21263421108818065,1.4603242173208353,0.1884268916731257
0.16,4.0,52.0,0.8,0.35811047964861287,0.2598689835494924,1.224068221405629,0.1663226819701026
0.16,4.0,52.0,0.9,0.39843453594672373,0.28461550941293495,1.0592207117732368,0.149278870383327
0.16,4.0,62.0,0.6,0.2276903865829849,0.17338093876669167,1.9532644874560936,0.24082302962083055
0.16,4.0,62.0,0.7,0.3256571219496327,0.23993872626796614,1.7053059543876719,0.21849675896355142
0.16,4.0,62.0,0.8,0.40156973437244486,0.29040571674694915,1.4721872056123708,0.19697774605079066
0.16,4.0,62.0,0.9,0.45560530965145496,0.32532541872553244,1.267812744616817,0.1775822110061172
0.16,4.0,72.0,0.6,0.2031824892494225,0.1559184107210016,2.291205847334426,0.283590834678874
0.16,4.0,72.0,0.7,0.30687801267576875,0.22730653874374798,2.04449331051283,0.26150861555034993
0.16,4.0,72.0,0.8,0.3930079602699536,0.28561693825915274,1.8038416571436136,0.23952156706797836
0.16,4.0,72.0,0.9,0.45963024719272055,0.3299741193540424,1.5818727813590332,0.21888822685349205
0.16,4.0,82.0,0.6,0.21014477889316902,0.1605705000931876,2.261400180539963,0.28022658721473426
0.16,4.0,82.0,0.7,0.3101973582387311,0.22907185199688354,2.0255677121444977,0.25909347068170235
0.16,4.0,82.0,0.8,0.39764998803885887,0.28845781364555634,1.7988287510609182,0.2381355900232015
0.16,4.0,82.0,0.9,0.4671211672803634,0.33506051405782955,1.5867146642591619,0.21812461828594049
0.16,4.0,92.0,0.6,0.2295344726318572,0.17461144603563497,2.295879612694009,0.2836812866676637
0.16,4.0,92.0,0.7,0.32608570978085527,0.2400298526010367,2.0656734265877583,0.26318975301881575
0.16,4.0,92.0,0.8,0.41092601064849954,0.297308985441041,1.845872477145385,0.2430138940956046
0.16,4.0,92.0,0.9,0.48019628321266705,0.3437552541300839,1.6405574482810164,0.22376066253206853
0.16,5.0,52.0,0.6,0.11421682223411303,0.08620903667674494,1.429208302673965,0.16795651974404263
0.16,5.0,52.0,0.7,0.1667066065274061,0.1281750203430605,1.2046718065881683,0.14736733024913462
0.16,5.0,52.0,0.8,0.24003174623361023,0.17880235669975367,0.9875238919773783,0.1269798769802817
0.16,5.0,52.0,0.9,0.294265606989428,0.21443214313010342,0.8195733847561116,0.11007856452931163
0.16,5.0,62.0,0.6,0.12818489707989736,0.10030684349547267,1.6661169698879918,0.19738380491459206
0.16,5.0,62.0,0.7,0.2021829688618576,0.15386119878545823,1.4505879553855512,0.17784115193010164
0.16,5.0,62.0,0.8,0.2827426332736193,0.20890718094479327,1.241649158444036,0.15841811939782102
0.16,5.0,62.0,0.9,0.34621314298717776,0.2511851788497971,1.0472674161841722,0.14002312357864266
0.16,5.0,72.0,0.6,0.11491434896732995,0.0878599009268864,1.9972887098452372,0.2385542305528183
0.16,5.0,72.0,0.7,0.17681136021265045,0.13658762385720202,1.7959943336409743,0.22053020790969344
0.16,5.0,72.0,0.8,0.2653027118694669,0.19830632278353427,1.5845278975158352,0.20132730359018522
0.16,5.0,72.0,0.9,0.3416609598577397,0.25028096250788845,1.3785072741781208,0.18231342113034338
0.16,5.0,82.0,0.6,0.11622827043565462,0.09043759169211389,1.9635159908774888,0.23456836562295694
0.16,5.0,82.0,0.7,0.18581673438382937,0.14236005565963367,1.761761117372866,0.2164228193027273
0.16,5.0,82.0,0.8,0.27813490351704917,0.20671961399382335,1.5644829499351476,0.19820526296313887
0.16,5.0,82.0,0.9,0.35789327712486907,0.26134737453743045,1.3697318369350016,0.18002743808218405
0.16,5.0,92.0,0.6,0.1296114983425066,0.10133706979898878,1.998088079247256,0.23893437028577874
0.16,5.0,92.0,0.7,0.20623486052530213,0.15605873247349092,1.8038894459782024,0.2215937542005365
0.16,5.0,92.0,0.8,0.29535646462904386,0.21767485796201297,1.6138161270082192,0.2041385478236403
0.16,5.0,92.0,0.9,0.37322162743973164,0.27093197874928865,1.4262589979244802,0.18661357639956608
0.16,6.0,52.0,0.6,0.14509123602328564,0.09443640178329296,1.1984583339746457,0.13595019872165717
0.16,6.0,52.0,0.7,0.10859500245918587,0.0806049289486956,1.0080570222714327,0.11825703696104477
0.16,6.0,52.0,0.8,0.150643129600192,0.11564404641953484,0.8142009998517032,0.09987644347403281
0.16,6.0,52.0,0.9,0.2059628136124232,0.1540069426255823,0.644144860834645,0.08297383110367074
0.16,6.0,62.0,0.6,0.12146442383128858,0.08160080022930105,1.4194807542397363,0.16231248807183743
0.16,6.0,62.0,0.7,0.12032568804139165,0.09293523920491653,1.2360009949653696,0.14559993858263048
0.16,6.0,62.0,0.8,0.185365465434409,0.141041419638207,1.0508383936145949,0.12829145606122755
0.16,6.0,62.0,0.9,0.25265465283924476,0.1873238600850471,0.8676032294221275,0.11079538956994323
0.16,6.0,72.0,0.6,0.14870527876622133,0.0972602519525143,1.7489106627890227,0.20289675588801526
0.16,6.0,72.0,0.7,0.11478978896890664,0.08662799444000396,1.5827229209698865,0.18787721162272744
0.16,6.0,72.0,0.8,0.16801098819022262,0.12964553066019677,1.4032055341726537,0.17134600094025812
0.16,6.0,72.0,0.9,0.24288086143444662,0.18232857606169847,1.2139869004415167,0.1536497299885826
0.16,6.0,82.0,0.6,0.13211702789695456,0.08748114028388788,1.7073422002782452,0.1976329419749708
0.16,6.0,82.0,0.7,0.11525416256496632,0.08862395676204297,1.5451714306475948,0.1828929726045852
0.16,6.0,82.0,0.8,0.18383598761183492,0.1411147126332354,1.374997562006321,0.16707868299403095
0.16,6.0,82.0,0.9,0.2655876942349985,0.1984750598828592,1.1926430720233565,0.14996391566190592
0.16,6.0,92.0,0.6,0.10907030158641817,0.07454053697301552,1.7605269511391108,0.2050277985167537
0.16,6.0,92.0,0.7,0.12093183247027142,0.09360035514211577,1.5994890526809376,0.1904214642888585
0.16,6.0,92.0,0.8,0.1974202164282895,0.1494668670632958,1.4368163786690455,0.17522721335944277
0.16,6.0,92.0,0.9,0.2771928219481366,0.20510141084561745,1.2665465539495895,0.15902510485543714
